{"cameraMode":{"drawMode":0,"name":"Shaded","section":"Shading Mode"},"sceneLighting":true,"audioPlay":false,"sceneViewState":{"showFog":true,"showMaterialUpdate":false,"showSkybox":true,"showFlares":true,"showImageEffects":true,"showParticleSystems":true},"in2DMode":false,"pivot":{"x":18.239025115966798,"y":4.452881336212158,"z":6.072441577911377},"rotation":{"x":0.07848594337701798,"y":-0.8761361241340637,"z":0.15265028178691865,"w":0.4504697918891907},"size":3.855875253677368,"orthographic":false}