{"cameraMode":{"drawMode":0,"name":"Shaded","section":"Shading Mode"},"sceneLighting":false,"audioPlay":false,"sceneViewState":{"showFog":true,"showMaterialUpdate":false,"showSkybox":false,"showFlares":true,"showImageEffects":true,"showParticleSystems":true},"in2DMode":false,"pivot":{"x":20.849260330200197,"y":3.5564937591552736,"z":23.28704071044922},"rotation":{"x":-0.013386919163167477,"y":-0.983136773109436,"z":0.16370587050914765,"w":-0.08039546012878418},"size":4.648989200592041,"orthographic":false}