{"cameraMode":{"drawMode":0,"name":"Shaded","section":"Shading Mode"},"sceneLighting":false,"audioPlay":false,"sceneViewState":{"showFog":true,"showMaterialUpdate":false,"showSkybox":false,"showFlares":true,"showImageEffects":true,"showParticleSystems":true},"in2DMode":false,"pivot":{"x":20.649999618530275,"y":10.430000305175782,"z":37.52000045776367},"rotation":{"x":0.2725217938423157,"y":0.3076166808605194,"z":-0.0924328863620758,"w":0.9069514274597168},"size":10.0,"orthographic":false}