{"cameraMode":{"drawMode":0,"name":"Shaded","section":"Shading Mode"},"sceneLighting":true,"audioPlay":false,"sceneViewState":{"showFog":true,"showMaterialUpdate":true,"showSkybox":true,"showFlares":true,"showImageEffects":true,"showParticleSystems":true},"in2DMode":false,"pivot":{"x":-25.347251892089845,"y":-88.39525604248047,"z":3.5786495208740236},"rotation":{"x":0.23296132683753968,"y":-0.72166508436203,"z":0.28732165694236758,"w":0.58513343334198},"size":97.01020812988281,"orthographic":false}